date_de_tirage,boule_1,boule_2,boule_3,boule_4,boule_5,numero_chance
21/04/2025,5,13,30,48,8,5
19/04/2025,19,11,32,16,20,6
16/04/2025,13,38,27,40,39,10
14/04/2025,33,40,25,31,37,9
12/04/2025,3,18,10,13,47,1
09/04/2025,36,16,12,47,46,9
07/04/2025,21,34,13,38,2,1
05/04/2025,14,30,22,8,27,7
02/04/2025,45,5,34,15,4,9
31/03/2025,3,4,28,16,38,4
29/03/2025,14,31,41,7,12,5
26/03/2025,4,41,21,19,11,7
24/03/2025,35,29,47,46,21,1
22/03/2025,3,49,36,20,23,6
19/03/2025,15,14,3,45,12,3
17/03/2025,16,32,26,9,20,7
15/03/2025,27,6,31,21,40,7
12/03/2025,21,10,24,32,16,7
10/03/2025,23,24,13,15,39,1
08/03/2025,18,2,10,3,11,2
05/03/2025,47,28,7,26,30,4
03/03/2025,41,13,28,6,4,1
01/03/2025,14,28,33,9,8,4
26/02/2025,44,11,3,15,17,9
24/02/2025,32,5,13,38,46,5
22/02/2025,28,30,23,39,25,7
19/02/2025,42,23,16,32,28,5
17/02/2025,40,3,14,20,34,6
15/02/2025,48,42,13,49,6,3
12/02/2025,1,37,41,30,23,5
10/02/2025,39,44,12,29,2,6
08/02/2025,49,26,11,43,42,8
05/02/2025,14,8,24,28,5,9
03/02/2025,29,48,32,27,44,8
01/02/2025,34,46,11,30,36,5
29/01/2025,29,41,17,27,19,2
27/01/2025,24,39,48,3,10,3
25/01/2025,45,35,44,5,19,8
22/01/2025,29,36,23,44,38,9
20/01/2025,19,28,36,40,6,2
18/01/2025,11,1,4,33,44,7
15/01/2025,1,22,40,27,28,2
13/01/2025,31,3,24,41,7,2
11/01/2025,42,20,6,29,41,9
08/01/2025,14,34,38,24,26,8
06/01/2025,3,31,8,16,42,7
04/01/2025,17,20,9,19,29,2
01/01/2025,8,11,2,25,21,4
30/12/2024,13,31,29,1,21,10
28/12/2024,31,7,37,39,13,6
25/12/2024,46,6,22,44,13,8
23/12/2024,22,17,38,2,13,7
21/12/2024,41,16,6,28,36,8
18/12/2024,8,27,26,46,14,2
16/12/2024,43,5,26,36,6,3
14/12/2024,30,22,44,40,24,7
11/12/2024,28,24,8,43,19,6
09/12/2024,38,5,9,25,6,6
07/12/2024,9,21,24,30,28,9
04/12/2024,40,21,7,34,3,1
02/12/2024,48,16,22,41,4,10
30/11/2024,21,4,10,38,19,1
27/11/2024,15,7,31,35,20,6
25/11/2024,13,7,37,49,3,5
23/11/2024,37,33,36,34,20,2
20/11/2024,35,37,45,48,27,5
18/11/2024,17,12,3,8,6,9
16/11/2024,46,5,29,7,19,4
13/11/2024,9,12,32,39,13,10
11/11/2024,8,35,46,6,11,6
09/11/2024,36,12,35,23,26,8
06/11/2024,26,8,23,15,6,5
04/11/2024,17,15,16,39,35,2
02/11/2024,31,49,43,21,1,6
30/10/2024,4,44,10,29,8,1
28/10/2024,21,39,43,9,41,3
26/10/2024,9,17,30,20,11,8
23/10/2024,27,1,34,44,40,2
21/10/2024,7,34,19,15,11,7
19/10/2024,10,2,44,46,45,5
16/10/2024,1,25,48,21,35,3
14/10/2024,42,18,47,41,20,2
12/10/2024,35,33,43,6,37,6
09/10/2024,5,26,22,31,33,7
07/10/2024,49,26,5,7,1,8
05/10/2024,30,16,7,13,43,6
02/10/2024,2,10,4,49,12,9
30/09/2024,1,33,49,24,17,9
28/09/2024,47,39,4,42,45,1
25/09/2024,5,25,10,6,1,9
23/09/2024,9,40,28,27,7,6
21/09/2024,32,30,4,2,19,9
18/09/2024,2,44,42,47,23,5
16/09/2024,27,31,48,30,17,8
14/09/2024,15,32,11,49,6,4
11/09/2024,28,30,10,39,24,5
09/09/2024,18,8,41,17,3,3
07/09/2024,48,43,31,9,15,9
04/09/2024,4,2,26,22,40,8
02/09/2024,27,12,26,6,5,6
31/08/2024,43,18,28,40,14,1
28/08/2024,42,30,11,33,37,3
26/08/2024,6,28,3,12,24,2
24/08/2024,13,29,30,20,36,5
21/08/2024,3,20,15,31,19,7
19/08/2024,10,18,20,19,28,5
17/08/2024,3,4,22,48,49,1
14/08/2024,25,17,46,28,23,5
12/08/2024,16,18,45,38,31,8
10/08/2024,36,31,37,28,17,10
07/08/2024,27,47,24,39,46,9
05/08/2024,24,21,7,31,27,3
03/08/2024,47,4,2,14,34,2
31/07/2024,25,3,45,47,49,7
29/07/2024,20,22,32,34,31,7
27/07/2024,21,8,28,42,47,4
24/07/2024,40,11,18,8,47,2
22/07/2024,49,35,25,27,42,9
20/07/2024,5,30,16,47,15,7
17/07/2024,35,40,17,6,47,4
15/07/2024,4,10,30,38,24,10
13/07/2024,21,5,6,24,42,8
10/07/2024,16,3,5,39,11,9
08/07/2024,7,42,31,8,24,6
06/07/2024,46,13,47,18,34,5
03/07/2024,4,1,24,21,42,3
01/07/2024,22,7,28,6,3,7
29/06/2024,17,24,30,43,1,7
26/06/2024,21,10,38,41,25,8
24/06/2024,48,47,6,45,1,6
22/06/2024,10,34,25,38,29,3
19/06/2024,35,11,18,46,30,2
17/06/2024,28,6,11,46,25,2
15/06/2024,8,16,42,30,40,2
12/06/2024,28,3,6,33,13,4
10/06/2024,47,5,34,28,39,8
08/06/2024,35,39,18,43,31,7
05/06/2024,4,6,35,47,7,1
03/06/2024,9,15,39,49,48,7
01/06/2024,27,2,48,43,3,8
29/05/2024,10,19,28,38,37,7
27/05/2024,41,19,32,42,47,1
25/05/2024,19,26,42,18,20,1
22/05/2024,46,23,21,32,20,10
20/05/2024,12,32,36,6,29,8
18/05/2024,14,34,37,15,45,2
15/05/2024,21,16,9,20,15,1
13/05/2024,26,13,25,12,18,4
11/05/2024,6,39,24,13,43,8
08/05/2024,7,34,6,3,36,7
06/05/2024,1,4,35,39,21,5
04/05/2024,2,16,19,12,6,3
01/05/2024,17,42,25,5,15,7
29/04/2024,49,47,20,3,30,7
27/04/2024,18,34,27,14,44,6
24/04/2024,38,25,40,41,39,7
22/04/2024,48,20,39,8,47,1
20/04/2024,13,10,22,24,16,7
17/04/2024,48,6,8,17,24,10
15/04/2024,24,2,21,36,31,6
13/04/2024,45,7,29,19,38,8
10/04/2024,18,1,33,9,39,2
08/04/2024,2,22,46,21,49,9
06/04/2024,27,2,36,43,6,5
03/04/2024,26,46,5,12,36,4
01/04/2024,9,17,15,12,26,8
30/03/2024,40,41,28,8,42,2
27/03/2024,28,45,2,15,23,7
25/03/2024,37,1,22,26,31,5
23/03/2024,47,49,20,34,32,1
20/03/2024,24,46,3,22,32,5
18/03/2024,36,48,30,20,40,8
16/03/2024,12,10,37,25,49,2
13/03/2024,5,29,4,10,13,1
11/03/2024,18,48,36,16,45,10
09/03/2024,29,28,25,7,35,2
06/03/2024,12,8,43,46,49,8
04/03/2024,25,8,18,27,37,8
02/03/2024,20,13,27,26,17,4
28/02/2024,2,38,46,27,43,3
26/02/2024,7,45,30,8,20,10
24/02/2024,14,45,37,22,25,3
21/02/2024,42,22,9,33,45,3
19/02/2024,35,23,16,42,8,2
17/02/2024,2,19,13,23,36,3
14/02/2024,28,15,3,46,36,2
12/02/2024,36,40,5,30,43,1
10/02/2024,44,15,37,34,40,8
07/02/2024,24,13,23,6,34,4
05/02/2024,36,3,33,34,42,2
03/02/2024,42,4,23,15,12,1
31/01/2024,34,2,13,15,31,8
29/01/2024,27,26,8,9,15,4
27/01/2024,47,2,14,33,30,5
24/01/2024,25,9,34,31,32,5
22/01/2024,32,29,37,20,5,9
20/01/2024,19,41,42,43,45,2
17/01/2024,29,8,37,22,39,10
15/01/2024,11,7,15,23,19,4
13/01/2024,12,15,21,29,48,6
10/01/2024,12,28,32,45,38,9
08/01/2024,6,48,11,49,46,2
06/01/2024,49,19,22,40,45,2
03/01/2024,36,1,45,9,14,3
01/01/2024,4,41,16,13,6,10
30/12/2023,36,12,7,11,38,6
27/12/2023,16,41,26,28,13,8
25/12/2023,9,32,7,47,1,1
23/12/2023,39,28,26,5,29,10
20/12/2023,2,3,29,30,31,10
18/12/2023,30,3,15,41,16,9
16/12/2023,1,15,12,30,44,1
13/12/2023,4,19,22,18,7,10
11/12/2023,25,48,16,12,49,10
09/12/2023,40,34,36,28,15,10
06/12/2023,29,1,43,37,27,7
04/12/2023,41,44,38,8,10,2
02/12/2023,25,19,12,11,28,4
29/11/2023,21,30,6,31,10,1
27/11/2023,19,8,46,26,9,9
25/11/2023,1,9,19,13,11,8
22/11/2023,18,45,41,4,17,2
20/11/2023,30,15,34,46,41,2
18/11/2023,12,21,48,29,20,3
15/11/2023,22,7,16,30,2,1
13/11/2023,46,39,23,45,13,7
11/11/2023,17,22,35,25,19,6
08/11/2023,2,49,1,36,14,9
06/11/2023,18,10,40,34,31,10
04/11/2023,20,13,46,40,25,7
01/11/2023,32,46,27,1,16,1
30/10/2023,30,34,8,1,13,4
28/10/2023,31,38,22,32,34,2
25/10/2023,22,12,30,35,33,10
23/10/2023,10,3,40,26,22,4
21/10/2023,47,14,28,3,25,10
18/10/2023,22,13,46,49,3,1
16/10/2023,6,7,37,25,47,9
14/10/2023,13,14,27,4,20,1
11/10/2023,10,16,15,6,24,8
09/10/2023,9,16,32,30,23,6
07/10/2023,5,12,42,9,26,2
04/10/2023,26,21,40,27,31,1
02/10/2023,6,40,17,15,3,1
30/09/2023,33,48,25,23,41,1
27/09/2023,44,14,30,25,17,3
25/09/2023,4,13,27,46,21,4
23/09/2023,26,28,40,37,6,8
20/09/2023,48,19,37,16,29,1
18/09/2023,5,30,40,35,17,6
16/09/2023,42,43,32,40,15,4
13/09/2023,11,27,30,48,49,8
11/09/2023,31,44,40,13,28,6
09/09/2023,15,7,3,42,4,4
06/09/2023,47,30,15,33,4,10
04/09/2023,27,13,2,11,36,10
02/09/2023,10,33,47,1,7,10
30/08/2023,46,31,20,45,39,10
28/08/2023,9,35,23,37,28,7
26/08/2023,15,14,21,34,45,5
23/08/2023,46,29,25,8,34,7
21/08/2023,3,17,4,36,22,6
19/08/2023,27,8,32,11,4,10
16/08/2023,24,41,19,35,27,9
14/08/2023,44,13,3,27,49,9
12/08/2023,9,20,44,1,39,9
09/08/2023,6,31,45,14,3,9
07/08/2023,11,1,15,48,47,7
05/08/2023,40,42,2,7,10,2
02/08/2023,18,12,32,9,23,9
31/07/2023,1,47,22,33,4,1
29/07/2023,1,49,29,18,37,4
26/07/2023,17,49,18,28,11,7
24/07/2023,12,1,31,45,17,7
22/07/2023,37,33,42,36,31,3
19/07/2023,35,5,39,19,11,9
17/07/2023,47,6,20,9,41,9
15/07/2023,7,32,42,45,12,6
12/07/2023,31,18,34,27,26,8
10/07/2023,14,3,10,44,8,2
08/07/2023,6,19,48,32,10,5
05/07/2023,22,8,19,7,15,5
03/07/2023,42,23,2,8,35,7
01/07/2023,24,7,18,15,9,10
28/06/2023,49,34,36,12,42,10
26/06/2023,14,21,48,16,26,3
24/06/2023,30,40,3,21,2,4
21/06/2023,20,35,27,19,12,4
19/06/2023,39,42,38,29,49,3
17/06/2023,28,43,29,38,44,3
14/06/2023,14,9,16,12,33,2
12/06/2023,12,26,28,19,21,2
10/06/2023,28,16,11,32,49,10
07/06/2023,41,28,3,4,23,8
05/06/2023,3,46,25,10,13,5
03/06/2023,46,44,37,2,39,4
31/05/2023,43,9,40,28,13,3
29/05/2023,12,38,28,24,36,3
27/05/2023,25,24,31,34,9,9
24/05/2023,20,11,36,17,28,10
22/05/2023,43,33,42,22,37,4
20/05/2023,25,18,3,8,37,6
17/05/2023,8,2,11,47,40,7
15/05/2023,12,9,48,7,29,4
13/05/2023,43,6,25,34,9,5
10/05/2023,45,12,44,15,9,1
08/05/2023,43,47,16,39,4,5
06/05/2023,47,25,42,2,30,10
03/05/2023,17,23,13,20,45,8
01/05/2023,15,41,33,44,5,10
29/04/2023,40,48,36,22,3,5
26/04/2023,3,18,24,11,14,10
24/04/2023,41,23,25,1,49,2
22/04/2023,12,26,48,13,35,1
19/04/2023,43,41,5,46,34,5
17/04/2023,3,18,42,13,43,9
15/04/2023,32,17,15,19,29,10
12/04/2023,18,26,10,30,15,7
10/04/2023,45,24,15,10,49,2
08/04/2023,19,35,48,3,42,10
05/04/2023,31,33,16,29,39,2
03/04/2023,49,15,39,31,46,4
01/04/2023,44,48,17,12,35,8
29/03/2023,34,1,32,14,11,9
27/03/2023,1,11,23,41,34,9
25/03/2023,3,34,29,7,11,4
22/03/2023,24,38,33,12,20,2
20/03/2023,38,19,10,26,7,8
18/03/2023,7,31,8,48,32,5
15/03/2023,37,20,15,5,17,2
13/03/2023,47,45,35,42,19,2
11/03/2023,6,34,14,33,18,6
08/03/2023,10,7,46,16,35,5
06/03/2023,24,38,41,18,5,7
04/03/2023,42,40,35,25,12,6
01/03/2023,18,39,45,14,21,8
27/02/2023,5,37,14,6,2,1
25/02/2023,34,19,3,1,43,3
22/02/2023,37,35,3,24,31,4
20/02/2023,35,43,41,22,16,7
18/02/2023,12,24,1,13,5,9
15/02/2023,20,24,5,44,28,6
13/02/2023,20,8,33,27,35,2
11/02/2023,43,9,15,47,45,9
08/02/2023,44,24,16,21,34,7
06/02/2023,32,13,5,21,6,3
04/02/2023,42,26,31,13,16,2
01/02/2023,12,48,38,35,9,5
30/01/2023,35,27,8,30,34,5
28/01/2023,15,44,5,30,45,5
25/01/2023,32,26,44,18,21,10
23/01/2023,28,6,10,35,32,9
21/01/2023,41,4,45,18,24,6
18/01/2023,7,35,48,39,11,8
16/01/2023,5,31,10,19,28,4
14/01/2023,22,36,40,13,14,9
11/01/2023,8,16,17,3,47,9
09/01/2023,38,1,48,30,20,3
07/01/2023,8,43,7,21,34,6
04/01/2023,3,5,49,38,25,10
02/01/2023,49,39,45,41,1,5
31/12/2022,35,39,16,11,23,8
28/12/2022,29,1,3,35,8,8
26/12/2022,6,23,32,49,48,4
24/12/2022,12,41,47,46,6,6
21/12/2022,11,22,15,12,21,7
19/12/2022,43,35,6,31,36,4
17/12/2022,46,27,42,23,8,3
14/12/2022,15,37,4,20,6,10
12/12/2022,46,25,47,2,35,10
10/12/2022,6,43,29,13,27,2
07/12/2022,2,12,38,15,10,5
05/12/2022,36,45,9,24,17,7
03/12/2022,32,19,34,26,27,9
30/11/2022,44,18,28,49,30,5
28/11/2022,24,46,9,2,13,6
26/11/2022,5,7,28,23,2,5
23/11/2022,46,36,45,15,19,4
21/11/2022,45,33,47,15,23,7
19/11/2022,40,24,19,1,28,8
16/11/2022,1,8,48,38,3,1
14/11/2022,28,23,34,44,14,5
12/11/2022,14,44,34,25,4,7
09/11/2022,15,2,1,41,30,9
07/11/2022,24,8,9,40,31,7
05/11/2022,40,6,38,23,32,10
02/11/2022,45,7,38,4,26,2
31/10/2022,34,25,45,44,4,7
29/10/2022,33,28,48,44,26,4
26/10/2022,45,30,4,2,23,5
24/10/2022,43,28,33,37,29,1
22/10/2022,12,2,25,35,7,10
19/10/2022,35,16,38,46,25,8
17/10/2022,38,49,20,16,40,2
15/10/2022,31,16,27,24,46,1
12/10/2022,17,44,7,40,39,3
10/10/2022,19,40,32,13,46,7
08/10/2022,17,20,48,16,34,7
05/10/2022,32,23,39,35,14,7
03/10/2022,20,40,31,7,23,1
01/10/2022,8,7,35,36,26,2
28/09/2022,12,39,26,14,29,10
26/09/2022,29,49,35,18,39,1
24/09/2022,25,6,32,7,4,10
21/09/2022,3,12,22,9,37,10
19/09/2022,5,7,44,15,33,1
17/09/2022,12,17,1,20,3,3
14/09/2022,40,10,38,26,45,1
12/09/2022,4,49,20,7,21,10
10/09/2022,25,3,8,49,24,5
07/09/2022,20,35,30,3,29,9
05/09/2022,5,1,35,27,40,4
03/09/2022,35,24,44,38,32,6
31/08/2022,9,39,10,15,45,7
29/08/2022,5,10,28,34,22,4
27/08/2022,32,39,22,11,34,3
24/08/2022,39,42,36,27,22,10
22/08/2022,39,46,2,9,44,9
20/08/2022,21,38,17,1,46,2
17/08/2022,16,5,14,29,17,3
15/08/2022,34,4,48,42,22,3
13/08/2022,17,38,37,11,39,2
10/08/2022,15,35,11,28,9,2
08/08/2022,41,22,3,37,40,2
06/08/2022,37,28,23,38,6,1
03/08/2022,45,10,5,40,32,5
01/08/2022,38,1,4,23,30,6
30/07/2022,14,21,24,2,38,6
27/07/2022,13,43,31,47,46,10
25/07/2022,26,42,13,7,24,2
23/07/2022,15,47,39,25,41,9
20/07/2022,29,21,31,47,17,4
18/07/2022,18,29,49,37,5,8
16/07/2022,3,33,4,49,14,3
13/07/2022,30,48,7,31,46,3
11/07/2022,10,5,49,47,1,1
09/07/2022,37,24,34,9,8,2
06/07/2022,43,16,10,25,44,4
04/07/2022,18,20,4,12,26,8
02/07/2022,32,20,22,46,34,9
29/06/2022,16,47,43,24,26,9
27/06/2022,34,31,36,24,37,1
25/06/2022,2,47,40,31,49,9
22/06/2022,17,40,10,27,23,2
20/06/2022,27,47,23,48,14,3
18/06/2022,31,1,12,32,28,9
15/06/2022,11,37,44,13,21,6
13/06/2022,44,45,46,43,31,10
11/06/2022,7,28,4,11,10,8
08/06/2022,38,33,39,27,26,5
06/06/2022,20,5,22,23,18,5
04/06/2022,9,23,17,42,6,5
01/06/2022,33,4,35,22,2,7
30/05/2022,22,12,38,13,14,2
28/05/2022,20,27,21,26,7,7
25/05/2022,37,30,24,27,45,10
23/05/2022,30,26,48,41,47,6
21/05/2022,1,12,41,7,21,4
18/05/2022,14,23,22,45,36,7
16/05/2022,21,33,4,14,32,1
14/05/2022,4,44,29,32,24,4
11/05/2022,23,45,7,2,46,10
09/05/2022,6,33,7,9,15,2
07/05/2022,23,37,38,7,15,3
04/05/2022,37,30,17,12,41,2
02/05/2022,46,20,13,47,8,7
30/04/2022,6,27,5,21,47,9
27/04/2022,8,13,1,43,31,10
25/04/2022,31,36,42,23,8,7
23/04/2022,44,20,11,9,42,4
20/04/2022,45,46,4,13,33,7
18/04/2022,10,39,33,9,47,5
16/04/2022,4,41,30,27,21,6
13/04/2022,36,29,44,46,35,8
11/04/2022,32,3,22,18,17,10
09/04/2022,3,15,13,29,40,10
06/04/2022,6,20,48,12,38,7
04/04/2022,23,22,33,36,10,6
02/04/2022,15,6,11,28,24,10
30/03/2022,12,34,16,26,10,7
28/03/2022,16,48,21,5,26,10
26/03/2022,40,10,37,34,12,5
23/03/2022,20,2,29,39,18,10
21/03/2022,10,26,46,35,5,9
19/03/2022,44,38,33,49,41,7
16/03/2022,1,49,12,39,24,3
14/03/2022,11,5,32,49,9,6
12/03/2022,16,47,33,21,5,5
09/03/2022,32,8,21,41,25,4
07/03/2022,8,27,29,15,41,4
05/03/2022,37,26,36,14,1,3
02/03/2022,46,4,3,43,22,6
28/02/2022,43,9,21,36,27,2
26/02/2022,29,39,28,22,30,3
23/02/2022,33,15,6,12,14,8
21/02/2022,2,6,10,32,17,5
19/02/2022,32,24,49,39,40,1
16/02/2022,22,24,41,21,32,2
14/02/2022,26,13,29,15,20,5
12/02/2022,45,22,28,40,37,10
09/02/2022,44,48,31,46,21,1
07/02/2022,37,15,18,31,46,3
05/02/2022,48,31,24,11,38,9
02/02/2022,11,37,49,28,40,4
31/01/2022,25,32,31,36,10,8
29/01/2022,42,29,25,46,8,9
26/01/2022,14,16,33,38,45,10
24/01/2022,15,38,7,4,40,2
22/01/2022,26,3,39,17,30,8
19/01/2022,44,27,41,8,43,6
17/01/2022,4,27,5,15,22,9
15/01/2022,19,10,30,13,47,8
12/01/2022,23,20,1,26,44,4
10/01/2022,14,43,34,41,35,9
08/01/2022,22,42,43,17,25,10
05/01/2022,17,45,30,32,6,4
03/01/2022,33,36,34,38,22,5
01/01/2022,30,36,14,6,39,5
29/12/2021,21,18,33,49,48,7
27/12/2021,32,20,6,12,14,8
25/12/2021,6,25,48,21,37,10
22/12/2021,41,20,46,11,24,1
20/12/2021,22,23,12,47,25,1
18/12/2021,10,46,2,31,38,8
15/12/2021,34,47,11,37,38,8
13/12/2021,23,38,36,18,19,1
11/12/2021,16,45,34,42,26,9
08/12/2021,28,26,1,30,16,4
06/12/2021,29,16,36,7,15,6
04/12/2021,23,18,34,5,44,5
01/12/2021,26,18,3,49,46,6
29/11/2021,30,26,35,44,31,4
27/11/2021,25,28,46,12,27,4
24/11/2021,14,34,39,24,47,8
22/11/2021,19,12,8,41,16,5
20/11/2021,44,9,18,17,42,8
17/11/2021,37,40,36,4,43,6
15/11/2021,34,7,8,41,42,8
13/11/2021,39,13,12,31,26,6
10/11/2021,31,12,9,40,41,2
08/11/2021,44,32,11,48,7,3
06/11/2021,19,2,18,22,4,3
03/11/2021,7,39,31,38,42,10
01/11/2021,47,27,26,43,1,6
30/10/2021,46,11,43,12,30,9
27/10/2021,41,16,44,27,15,9
25/10/2021,31,48,43,37,3,10
23/10/2021,6,36,35,10,48,9
20/10/2021,26,35,16,22,42,4
18/10/2021,41,27,36,35,9,6
16/10/2021,23,15,46,5,37,10
13/10/2021,21,20,19,43,49,10
11/10/2021,26,7,1,9,28,3
09/10/2021,22,29,19,15,34,3
06/10/2021,44,34,20,8,41,2
04/10/2021,44,15,5,19,7,1
02/10/2021,6,46,35,20,8,9
29/09/2021,6,39,28,13,33,10
27/09/2021,12,26,31,40,37,3
25/09/2021,20,35,49,18,16,1
22/09/2021,5,40,13,14,9,1
20/09/2021,12,10,45,15,31,5
18/09/2021,39,38,21,2,9,2
15/09/2021,48,22,4,30,27,7
13/09/2021,4,30,24,21,40,4
11/09/2021,5,3,49,33,15,8
08/09/2021,7,34,27,12,15,4
06/09/2021,3,31,36,13,40,9
04/09/2021,41,49,30,45,35,3
01/09/2021,49,27,32,24,17,7
30/08/2021,32,34,18,44,3,9
28/08/2021,48,43,46,11,8,9
25/08/2021,19,9,29,26,3,8
23/08/2021,13,22,31,11,21,6
21/08/2021,46,8,2,19,29,2
18/08/2021,4,7,12,24,25,2
16/08/2021,22,27,13,10,49,4
14/08/2021,4,28,42,49,35,7
11/08/2021,43,13,21,5,6,4
09/08/2021,37,43,45,28,38,3
07/08/2021,7,24,36,6,47,10
04/08/2021,21,36,22,20,44,10
02/08/2021,24,44,46,42,7,2
31/07/2021,22,6,46,7,17,3
28/07/2021,1,28,3,29,8,6
26/07/2021,42,5,34,21,37,10
24/07/2021,24,40,5,31,22,9
21/07/2021,27,25,6,37,32,9
19/07/2021,3,28,15,4,2,5
17/07/2021,31,8,47,11,17,6
14/07/2021,36,18,38,31,29,10
12/07/2021,38,31,8,37,30,1
10/07/2021,43,3,38,42,46,1
07/07/2021,37,18,8,44,46,2
05/07/2021,43,36,3,32,45,2
03/07/2021,33,48,13,2,19,2
30/06/2021,8,44,6,48,31,9
28/06/2021,4,28,48,8,15,1
26/06/2021,37,24,38,13,45,6
23/06/2021,1,16,6,3,40,1
21/06/2021,44,21,25,18,47,10
19/06/2021,3,44,46,27,14,6
16/06/2021,22,23,35,46,3,9
14/06/2021,40,12,47,21,19,7
12/06/2021,9,2,5,29,10,1
09/06/2021,16,33,41,2,24,8
07/06/2021,6,28,34,7,11,8
05/06/2021,45,16,6,37,25,9
02/06/2021,33,34,25,3,26,6
31/05/2021,25,3,13,32,47,9
29/05/2021,32,4,36,44,9,3
26/05/2021,20,1,22,5,42,6
24/05/2021,11,44,47,29,7,9
22/05/2021,9,2,45,19,7,10
19/05/2021,28,17,41,3,23,3
17/05/2021,23,42,3,17,47,4
15/05/2021,7,31,29,24,47,3
12/05/2021,19,11,22,36,9,1
10/05/2021,44,12,13,17,27,10
08/05/2021,41,35,40,6,24,6
05/05/2021,36,48,46,41,8,6
03/05/2021,44,8,11,48,37,6
01/05/2021,27,25,5,34,38,7
28/04/2021,4,15,10,49,12,6
26/04/2021,2,34,41,32,8,6
24/04/2021,41,12,26,42,36,7
21/04/2021,45,31,6,49,39,4
19/04/2021,49,17,36,44,27,1
17/04/2021,38,37,17,34,30,1
14/04/2021,27,25,20,23,47,6
12/04/2021,43,14,26,7,11,7
10/04/2021,9,35,15,8,4,8
07/04/2021,35,19,9,16,43,4
05/04/2021,32,22,2,12,15,8
03/04/2021,17,1,38,2,45,2
31/03/2021,2,27,24,35,22,5
29/03/2021,41,28,18,13,38,1
27/03/2021,16,11,18,8,10,5
24/03/2021,22,38,28,37,9,10
22/03/2021,15,6,34,39,24,4
20/03/2021,42,18,14,4,27,3
17/03/2021,45,18,46,3,30,3
15/03/2021,29,38,33,15,41,2
13/03/2021,47,22,19,4,10,8
10/03/2021,26,42,33,20,34,9
08/03/2021,24,8,38,19,40,10
06/03/2021,11,22,3,13,30,8
03/03/2021,38,8,41,49,19,7
01/03/2021,4,14,21,47,8,9
27/02/2021,4,29,42,43,11,10
24/02/2021,47,18,41,10,19,2
22/02/2021,3,37,26,15,24,7
20/02/2021,21,36,19,39,49,5
17/02/2021,34,31,35,41,29,8
15/02/2021,13,22,17,6,12,7
13/02/2021,13,17,31,28,9,10
10/02/2021,44,13,29,15,33,4
08/02/2021,19,10,9,29,5,8
06/02/2021,44,42,15,9,47,10
03/02/2021,17,31,26,37,21,10
01/02/2021,1,18,45,17,21,9
30/01/2021,17,5,33,9,37,4
27/01/2021,27,44,25,23,6,6
25/01/2021,13,31,49,7,3,5
23/01/2021,1,19,13,24,48,5
20/01/2021,21,11,22,40,32,9
18/01/2021,5,43,10,48,25,10
16/01/2021,44,20,14,22,36,2
13/01/2021,32,42,30,17,41,5
11/01/2021,33,46,8,17,1,5
09/01/2021,49,12,27,11,7,1
06/01/2021,41,21,32,47,11,9
04/01/2021,31,39,30,49,19,8
02/01/2021,5,27,7,24,41,10
30/12/2020,36,20,13,31,38,1
28/12/2020,41,34,42,22,1,5
26/12/2020,31,3,40,35,2,7
23/12/2020,5,3,39,31,38,9
21/12/2020,10,31,36,37,44,5
19/12/2020,30,29,49,23,10,5
16/12/2020,21,6,41,17,16,9
14/12/2020,47,48,13,34,2,6
12/12/2020,14,31,9,45,23,6
09/12/2020,47,17,48,39,24,7
07/12/2020,45,27,48,4,38,4
05/12/2020,34,20,14,35,9,1
02/12/2020,23,14,40,46,27,1
30/11/2020,28,9,26,29,18,3
28/11/2020,9,25,2,47,35,10
25/11/2020,1,26,14,31,10,4
23/11/2020,15,20,12,6,1,1
21/11/2020,49,17,44,5,46,4
18/11/2020,28,11,14,43,41,8
16/11/2020,7,47,16,33,42,7
14/11/2020,40,26,17,24,43,9
11/11/2020,15,17,10,37,16,9
09/11/2020,26,18,41,38,5,10
07/11/2020,45,5,48,42,30,9
04/11/2020,29,10,16,14,9,1
02/11/2020,42,43,38,33,31,3
31/10/2020,22,35,9,28,13,5
28/10/2020,25,43,30,2,19,9
26/10/2020,33,7,8,12,22,5
24/10/2020,8,25,4,12,45,2
21/10/2020,35,48,33,21,15,1
19/10/2020,7,35,48,28,25,1
17/10/2020,28,23,24,9,20,4
14/10/2020,19,42,32,26,39,6
12/10/2020,18,7,21,42,11,3
10/10/2020,48,26,31,47,42,8
07/10/2020,17,30,6,49,19,2
05/10/2020,6,22,19,5,9,5
03/10/2020,31,36,9,33,18,2
30/09/2020,26,24,49,32,2,5
28/09/2020,33,22,44,6,35,2
26/09/2020,4,31,49,8,39,9
23/09/2020,11,5,25,23,33,5
21/09/2020,46,41,38,19,16,9
19/09/2020,33,42,27,46,32,7
16/09/2020,28,19,49,23,17,7
14/09/2020,23,49,5,13,32,2
12/09/2020,16,46,12,21,24,2
09/09/2020,24,48,20,29,45,3
07/09/2020,37,35,31,44,14,7
05/09/2020,22,15,19,24,46,3
02/09/2020,14,23,21,47,3,3
31/08/2020,7,16,17,4,11,10
29/08/2020,23,15,38,21,39,4
26/08/2020,13,45,4,40,31,3
24/08/2020,28,18,22,37,19,2
22/08/2020,7,11,5,32,33,5
19/08/2020,35,11,13,4,34,1
17/08/2020,6,1,39,48,40,6
15/08/2020,5,41,3,42,15,7
12/08/2020,17,47,30,3,44,3
10/08/2020,28,38,2,1,11,6
08/08/2020,35,42,49,4,6,9
05/08/2020,46,32,22,15,17,8
03/08/2020,43,48,42,23,30,7
01/08/2020,17,18,25,38,9,9
29/07/2020,47,46,7,19,39,5
27/07/2020,19,24,45,15,25,3
25/07/2020,18,10,6,15,48,4
22/07/2020,4,28,38,20,18,1
20/07/2020,8,42,22,28,26,2
18/07/2020,11,42,22,34,43,4
15/07/2020,6,12,4,35,44,3
13/07/2020,24,3,35,46,2,8
11/07/2020,32,6,35,28,40,7
08/07/2020,30,48,37,9,26,8
06/07/2020,2,11,42,30,35,6
04/07/2020,23,13,27,44,36,6
01/07/2020,44,47,5,13,14,8
29/06/2020,21,29,20,47,46,7
27/06/2020,1,39,2,6,27,4
24/06/2020,36,8,31,34,17,7
22/06/2020,9,36,5,21,39,5
20/06/2020,8,24,33,38,14,5
17/06/2020,26,13,10,20,46,1
15/06/2020,22,49,26,2,47,2
13/06/2020,25,32,6,5,28,4
10/06/2020,47,36,20,11,9,2
08/06/2020,8,22,26,46,2,1
06/06/2020,14,7,43,44,29,5
03/06/2020,12,13,26,44,16,6
01/06/2020,24,26,2,36,32,7
30/05/2020,5,14,42,44,16,9
27/05/2020,29,6,12,44,31,6
25/05/2020,9,26,30,42,36,4
23/05/2020,22,28,3,23,29,2
20/05/2020,45,14,39,20,47,8
18/05/2020,20,30,35,14,10,9
16/05/2020,26,27,41,46,19,4
13/05/2020,43,4,17,38,49,8
11/05/2020,34,5,33,3,17,10
09/05/2020,48,39,29,47,35,7
06/05/2020,48,36,14,15,10,3
04/05/2020,39,8,9,33,15,10
02/05/2020,43,22,12,30,9,4
29/04/2020,25,29,47,5,7,1
27/04/2020,41,11,19,29,14,9
25/04/2020,49,6,24,13,10,3
22/04/2020,28,30,43,40,41,7
20/04/2020,37,5,9,7,41,6
18/04/2020,45,1,33,47,27,8
15/04/2020,16,1,31,48,3,6
13/04/2020,42,1,19,23,17,9
11/04/2020,8,43,1,48,41,7
08/04/2020,16,9,19,26,6,9
06/04/2020,23,29,18,35,7,4
04/04/2020,40,2,35,39,42,9
01/04/2020,41,48,42,28,3,6
30/03/2020,21,37,12,17,23,7
28/03/2020,35,23,26,32,22,5
25/03/2020,40,45,24,32,34,1
23/03/2020,28,49,5,48,21,2
21/03/2020,16,37,8,7,42,8
18/03/2020,48,10,46,28,29,9
16/03/2020,44,16,4,40,23,3
14/03/2020,28,41,38,31,43,10
11/03/2020,38,45,5,14,46,1
09/03/2020,26,41,5,33,42,7
07/03/2020,5,35,37,4,24,2
04/03/2020,10,17,33,30,49,4
02/03/2020,42,26,21,39,40,5
29/02/2020,37,24,19,10,5,6
26/02/2020,20,6,30,32,45,4
24/02/2020,20,15,27,9,47,7
22/02/2020,4,39,26,5,24,4
19/02/2020,40,16,21,41,46,2
17/02/2020,44,39,7,41,19,1
15/02/2020,48,4,25,5,45,7
12/02/2020,47,38,17,30,43,5
10/02/2020,15,49,37,25,38,8
08/02/2020,47,31,12,45,7,10
05/02/2020,30,21,6,11,29,4
03/02/2020,49,20,7,31,33,4
01/02/2020,36,25,22,21,16,9
29/01/2020,31,30,6,14,45,8
27/01/2020,27,12,10,7,41,1
25/01/2020,36,17,30,7,11,5
22/01/2020,25,28,42,26,12,10
20/01/2020,13,38,31,30,26,1
18/01/2020,12,1,33,13,2,9
15/01/2020,35,19,8,22,46,2
13/01/2020,16,11,25,32,14,9
11/01/2020,48,14,2,23,13,3
08/01/2020,17,44,29,16,37,8
06/01/2020,49,10,19,26,30,3
04/01/2020,22,9,43,31,34,5
01/01/2020,11,7,32,24,4,10
30/12/2019,12,38,34,32,48,6
28/12/2019,24,48,49,18,8,8
25/12/2019,36,40,45,24,15,9
23/12/2019,37,36,32,20,7,2
21/12/2019,48,23,27,19,22,2
18/12/2019,23,6,17,5,7,9
16/12/2019,38,26,39,35,10,6
14/12/2019,3,48,17,4,38,9
11/12/2019,25,33,48,1,40,8
09/12/2019,1,34,15,24,25,8
07/12/2019,40,29,44,38,10,8
04/12/2019,8,30,26,35,40,2
02/12/2019,39,28,14,11,42,9
30/11/2019,7,25,17,48,16,3
27/11/2019,44,2,15,29,18,4
25/11/2019,44,41,35,33,38,8
23/11/2019,4,27,28,9,22,4
20/11/2019,22,23,7,30,37,3
18/11/2019,31,44,6,15,12,7
16/11/2019,10,49,30,12,29,9
13/11/2019,22,13,10,35,19,1
11/11/2019,28,14,27,13,25,5
09/11/2019,26,24,6,18,29,3
06/11/2019,43,27,23,44,42,10
